--
-- PostgreSQL database dump
--

-- Dumped from database version 16.4 (Debian 16.4-1.pgdg120+1)
-- Dumped by pg_dump version 16.4 (Debian 16.4-1.pgdg120+1)

SET statement_timeout = 0;
SET lock_timeout = 0;
SET idle_in_transaction_session_timeout = 0;
SET client_encoding = 'UTF8';
SET standard_conforming_strings = on;
SELECT pg_catalog.set_config('search_path', '', false);
SET check_function_bodies = false;
SET xmloption = content;
SET client_min_messages = warning;
SET row_security = off;

SET default_tablespace = '';

SET default_table_access_method = heap;

--
-- Name: auth_group; Type: TABLE; Schema: public; Owner: captain
--

CREATE TABLE public.auth_group (
    id integer NOT NULL,
    name character varying(150) NOT NULL
);


ALTER TABLE public.auth_group OWNER TO captain;

--
-- Name: auth_group_id_seq; Type: SEQUENCE; Schema: public; Owner: captain
--

ALTER TABLE public.auth_group ALTER COLUMN id ADD GENERATED BY DEFAULT AS IDENTITY (
    SEQUENCE NAME public.auth_group_id_seq
    START WITH 1
    INCREMENT BY 1
    NO MINVALUE
    NO MAXVALUE
    CACHE 1
);


--
-- Name: auth_group_permissions; Type: TABLE; Schema: public; Owner: captain
--

CREATE TABLE public.auth_group_permissions (
    id bigint NOT NULL,
    group_id integer NOT NULL,
    permission_id integer NOT NULL
);


ALTER TABLE public.auth_group_permissions OWNER TO captain;

--
-- Name: auth_group_permissions_id_seq; Type: SEQUENCE; Schema: public; Owner: captain
--

ALTER TABLE public.auth_group_permissions ALTER COLUMN id ADD GENERATED BY DEFAULT AS IDENTITY (
    SEQUENCE NAME public.auth_group_permissions_id_seq
    START WITH 1
    INCREMENT BY 1
    NO MINVALUE
    NO MAXVALUE
    CACHE 1
);


--
-- Name: auth_permission; Type: TABLE; Schema: public; Owner: captain
--

CREATE TABLE public.auth_permission (
    id integer NOT NULL,
    name character varying(255) NOT NULL,
    content_type_id integer NOT NULL,
    codename character varying(100) NOT NULL
);


ALTER TABLE public.auth_permission OWNER TO captain;

--
-- Name: auth_permission_id_seq; Type: SEQUENCE; Schema: public; Owner: captain
--

ALTER TABLE public.auth_permission ALTER COLUMN id ADD GENERATED BY DEFAULT AS IDENTITY (
    SEQUENCE NAME public.auth_permission_id_seq
    START WITH 1
    INCREMENT BY 1
    NO MINVALUE
    NO MAXVALUE
    CACHE 1
);


--
-- Name: auth_user; Type: TABLE; Schema: public; Owner: captain
--

CREATE TABLE public.auth_user (
    id integer NOT NULL,
    password character varying(128) NOT NULL,
    last_login timestamp with time zone,
    is_superuser boolean NOT NULL,
    username character varying(150) NOT NULL,
    first_name character varying(150) NOT NULL,
    last_name character varying(150) NOT NULL,
    email character varying(254) NOT NULL,
    is_staff boolean NOT NULL,
    is_active boolean NOT NULL,
    date_joined timestamp with time zone NOT NULL
);


ALTER TABLE public.auth_user OWNER TO captain;

--
-- Name: auth_user_groups; Type: TABLE; Schema: public; Owner: captain
--

CREATE TABLE public.auth_user_groups (
    id bigint NOT NULL,
    user_id integer NOT NULL,
    group_id integer NOT NULL
);


ALTER TABLE public.auth_user_groups OWNER TO captain;

--
-- Name: auth_user_groups_id_seq; Type: SEQUENCE; Schema: public; Owner: captain
--

ALTER TABLE public.auth_user_groups ALTER COLUMN id ADD GENERATED BY DEFAULT AS IDENTITY (
    SEQUENCE NAME public.auth_user_groups_id_seq
    START WITH 1
    INCREMENT BY 1
    NO MINVALUE
    NO MAXVALUE
    CACHE 1
);


--
-- Name: auth_user_id_seq; Type: SEQUENCE; Schema: public; Owner: captain
--

ALTER TABLE public.auth_user ALTER COLUMN id ADD GENERATED BY DEFAULT AS IDENTITY (
    SEQUENCE NAME public.auth_user_id_seq
    START WITH 1
    INCREMENT BY 1
    NO MINVALUE
    NO MAXVALUE
    CACHE 1
);


--
-- Name: auth_user_user_permissions; Type: TABLE; Schema: public; Owner: captain
--

CREATE TABLE public.auth_user_user_permissions (
    id bigint NOT NULL,
    user_id integer NOT NULL,
    permission_id integer NOT NULL
);


ALTER TABLE public.auth_user_user_permissions OWNER TO captain;

--
-- Name: auth_user_user_permissions_id_seq; Type: SEQUENCE; Schema: public; Owner: captain
--

ALTER TABLE public.auth_user_user_permissions ALTER COLUMN id ADD GENERATED BY DEFAULT AS IDENTITY (
    SEQUENCE NAME public.auth_user_user_permissions_id_seq
    START WITH 1
    INCREMENT BY 1
    NO MINVALUE
    NO MAXVALUE
    CACHE 1
);


--
-- Name: django_admin_log; Type: TABLE; Schema: public; Owner: captain
--

CREATE TABLE public.django_admin_log (
    id integer NOT NULL,
    action_time timestamp with time zone NOT NULL,
    object_id text,
    object_repr character varying(200) NOT NULL,
    action_flag smallint NOT NULL,
    change_message text NOT NULL,
    content_type_id integer,
    user_id integer NOT NULL,
    CONSTRAINT django_admin_log_action_flag_check CHECK ((action_flag >= 0))
);


ALTER TABLE public.django_admin_log OWNER TO captain;

--
-- Name: django_admin_log_id_seq; Type: SEQUENCE; Schema: public; Owner: captain
--

ALTER TABLE public.django_admin_log ALTER COLUMN id ADD GENERATED BY DEFAULT AS IDENTITY (
    SEQUENCE NAME public.django_admin_log_id_seq
    START WITH 1
    INCREMENT BY 1
    NO MINVALUE
    NO MAXVALUE
    CACHE 1
);


--
-- Name: django_content_type; Type: TABLE; Schema: public; Owner: captain
--

CREATE TABLE public.django_content_type (
    id integer NOT NULL,
    app_label character varying(100) NOT NULL,
    model character varying(100) NOT NULL
);


ALTER TABLE public.django_content_type OWNER TO captain;

--
-- Name: django_content_type_id_seq; Type: SEQUENCE; Schema: public; Owner: captain
--

ALTER TABLE public.django_content_type ALTER COLUMN id ADD GENERATED BY DEFAULT AS IDENTITY (
    SEQUENCE NAME public.django_content_type_id_seq
    START WITH 1
    INCREMENT BY 1
    NO MINVALUE
    NO MAXVALUE
    CACHE 1
);


--
-- Name: django_migrations; Type: TABLE; Schema: public; Owner: captain
--

CREATE TABLE public.django_migrations (
    id bigint NOT NULL,
    app character varying(255) NOT NULL,
    name character varying(255) NOT NULL,
    applied timestamp with time zone NOT NULL
);


ALTER TABLE public.django_migrations OWNER TO captain;

--
-- Name: django_migrations_id_seq; Type: SEQUENCE; Schema: public; Owner: captain
--

ALTER TABLE public.django_migrations ALTER COLUMN id ADD GENERATED BY DEFAULT AS IDENTITY (
    SEQUENCE NAME public.django_migrations_id_seq
    START WITH 1
    INCREMENT BY 1
    NO MINVALUE
    NO MAXVALUE
    CACHE 1
);


--
-- Name: django_session; Type: TABLE; Schema: public; Owner: captain
--

CREATE TABLE public.django_session (
    session_key character varying(40) NOT NULL,
    session_data text NOT NULL,
    expire_date timestamp with time zone NOT NULL
);


ALTER TABLE public.django_session OWNER TO captain;

--
-- Name: entity_attribute; Type: TABLE; Schema: public; Owner: captain
--

CREATE TABLE public.entity_attribute (
    id bigint NOT NULL,
    key character varying(256),
    value numeric(20,10),
    created_at timestamp with time zone NOT NULL,
    updated_at timestamp with time zone NOT NULL,
    entity_id bigint NOT NULL,
    str_value character varying(31) NOT NULL
);


ALTER TABLE public.entity_attribute OWNER TO captain;

--
-- Name: entity_attribute_id_seq; Type: SEQUENCE; Schema: public; Owner: captain
--

ALTER TABLE public.entity_attribute ALTER COLUMN id ADD GENERATED BY DEFAULT AS IDENTITY (
    SEQUENCE NAME public.entity_attribute_id_seq
    START WITH 1
    INCREMENT BY 1
    NO MINVALUE
    NO MAXVALUE
    CACHE 1
);


--
-- Name: entity_entity; Type: TABLE; Schema: public; Owner: captain
--

CREATE TABLE public.entity_entity (
    id bigint NOT NULL,
    name character varying(256) NOT NULL,
    path character varying(2048),
    created_at timestamp with time zone NOT NULL,
    updated_at timestamp with time zone NOT NULL,
    parent_id bigint,
    tree_id integer
);


ALTER TABLE public.entity_entity OWNER TO captain;

--
-- Name: entity_entity_id_seq; Type: SEQUENCE; Schema: public; Owner: captain
--

ALTER TABLE public.entity_entity ALTER COLUMN id ADD GENERATED BY DEFAULT AS IDENTITY (
    SEQUENCE NAME public.entity_entity_id_seq
    START WITH 1
    INCREMENT BY 1
    NO MINVALUE
    NO MAXVALUE
    CACHE 1
);


--
-- Data for Name: auth_group; Type: TABLE DATA; Schema: public; Owner: captain
--

COPY public.auth_group (id, name) FROM stdin;
\.


--
-- Data for Name: auth_group_permissions; Type: TABLE DATA; Schema: public; Owner: captain
--

COPY public.auth_group_permissions (id, group_id, permission_id) FROM stdin;
\.


--
-- Data for Name: auth_permission; Type: TABLE DATA; Schema: public; Owner: captain
--

COPY public.auth_permission (id, name, content_type_id, codename) FROM stdin;
1	Can add log entry	1	add_logentry
2	Can change log entry	1	change_logentry
3	Can delete log entry	1	delete_logentry
4	Can view log entry	1	view_logentry
5	Can add permission	2	add_permission
6	Can change permission	2	change_permission
7	Can delete permission	2	delete_permission
8	Can view permission	2	view_permission
9	Can add group	3	add_group
10	Can change group	3	change_group
11	Can delete group	3	delete_group
12	Can view group	3	view_group
13	Can add user	4	add_user
14	Can change user	4	change_user
15	Can delete user	4	delete_user
16	Can view user	4	view_user
17	Can add content type	5	add_contenttype
18	Can change content type	5	change_contenttype
19	Can delete content type	5	delete_contenttype
20	Can view content type	5	view_contenttype
21	Can add session	6	add_session
22	Can change session	6	change_session
23	Can delete session	6	delete_session
24	Can view session	6	view_session
25	Can add entity	7	add_entity
26	Can change entity	7	change_entity
27	Can delete entity	7	delete_entity
28	Can view entity	7	view_entity
29	Can add attribute	8	add_attribute
30	Can change attribute	8	change_attribute
31	Can delete attribute	8	delete_attribute
32	Can view attribute	8	view_attribute
\.


--
-- Data for Name: auth_user; Type: TABLE DATA; Schema: public; Owner: captain
--

COPY public.auth_user (id, password, last_login, is_superuser, username, first_name, last_name, email, is_staff, is_active, date_joined) FROM stdin;
1	pbkdf2_sha256$870000$KWWXiEPqI3c3vCqC3bVp4N$B+l89DSw5GebP6sd+H44pt/G8CLEz/tEKxA0gfMr3GE=	\N	t	captain			captain@foo.bar	t	t	2025-01-25 23:57:02.647632+00
\.


--
-- Data for Name: auth_user_groups; Type: TABLE DATA; Schema: public; Owner: captain
--

COPY public.auth_user_groups (id, user_id, group_id) FROM stdin;
\.


--
-- Data for Name: auth_user_user_permissions; Type: TABLE DATA; Schema: public; Owner: captain
--

COPY public.auth_user_user_permissions (id, user_id, permission_id) FROM stdin;
\.


--
-- Data for Name: django_admin_log; Type: TABLE DATA; Schema: public; Owner: captain
--

COPY public.django_admin_log (id, action_time, object_id, object_repr, action_flag, change_message, content_type_id, user_id) FROM stdin;
\.


--
-- Data for Name: django_content_type; Type: TABLE DATA; Schema: public; Owner: captain
--

COPY public.django_content_type (id, app_label, model) FROM stdin;
1	admin	logentry
2	auth	permission
3	auth	group
4	auth	user
5	contenttypes	contenttype
6	sessions	session
7	entity	entity
8	entity	attribute
\.


--
-- Data for Name: django_migrations; Type: TABLE DATA; Schema: public; Owner: captain
--

COPY public.django_migrations (id, app, name, applied) FROM stdin;
1	contenttypes	0001_initial	2025-01-25 23:56:49.239147+00
2	auth	0001_initial	2025-01-25 23:56:49.286487+00
3	admin	0001_initial	2025-01-25 23:56:49.296468+00
4	admin	0002_logentry_remove_auto_add	2025-01-25 23:56:49.299945+00
5	admin	0003_logentry_add_action_flag_choices	2025-01-25 23:56:49.30436+00
6	contenttypes	0002_remove_content_type_name	2025-01-25 23:56:49.311796+00
7	auth	0002_alter_permission_name_max_length	2025-01-25 23:56:49.315585+00
8	auth	0003_alter_user_email_max_length	2025-01-25 23:56:49.318982+00
9	auth	0004_alter_user_username_opts	2025-01-25 23:56:49.321664+00
10	auth	0005_alter_user_last_login_null	2025-01-25 23:56:49.324972+00
11	auth	0006_require_contenttypes_0002	2025-01-25 23:56:49.325665+00
12	auth	0007_alter_validators_add_error_messages	2025-01-25 23:56:49.329051+00
13	auth	0008_alter_user_username_max_length	2025-01-25 23:56:49.334894+00
14	auth	0009_alter_user_last_name_max_length	2025-01-25 23:56:49.339813+00
15	auth	0010_alter_group_name_max_length	2025-01-25 23:56:49.343821+00
16	auth	0011_update_proxy_permissions	2025-01-25 23:56:49.346922+00
17	auth	0012_alter_user_first_name_max_length	2025-01-25 23:56:49.350504+00
18	entity	0001_initial	2025-01-25 23:56:49.363103+00
19	entity	0002_alter_entity_parent	2025-01-25 23:56:49.364763+00
20	entity	0003_alter_attribute_data_type_alter_entity_name_and_more	2025-01-25 23:56:49.379038+00
21	entity	0004_alter_entity_path	2025-01-25 23:56:49.38214+00
22	entity	0005_alter_attribute_entity_alter_entity_name	2025-01-25 23:56:49.384972+00
23	entity	0006_alter_attribute_data_type_alter_entity_name_and_more	2025-01-25 23:56:49.392629+00
24	entity	0007_entity_tree_id	2025-01-25 23:56:49.397132+00
25	entity	0008_entity_unique_parent_path	2025-01-25 23:56:49.402637+00
26	sessions	0001_initial	2025-01-25 23:56:49.411368+00
27	entity	0009_remove_attribute_data_type_alter_attribute_value	2025-01-26 20:24:48.2225+00
28	entity	0010_alter_attribute_options_alter_entity_options	2025-01-26 20:24:48.225942+00
29	entity	0011_alter_entity_name_alter_entity_path	2025-01-26 20:24:48.234078+00
30	entity	0012_alter_attribute_value	2025-01-26 20:24:48.238241+00
31	entity	0013_attribute_unique_entity_key	2025-01-26 20:24:48.24163+00
32	entity	0014_alter_attribute_value	2025-01-26 20:24:48.24627+00
33	entity	0015_alter_attribute_value	2025-01-26 20:24:48.251929+00
34	entity	0016_attribute_str_value	2025-01-26 20:24:48.254257+00
\.


--
-- Data for Name: django_session; Type: TABLE DATA; Schema: public; Owner: captain
--

COPY public.django_session (session_key, session_data, expire_date) FROM stdin;
\.


--
-- Data for Name: entity_attribute; Type: TABLE DATA; Schema: public; Owner: captain
--

COPY public.entity_attribute (id, key, value, created_at, updated_at, entity_id, str_value) FROM stdin;
10	ISP	15.1100000000	2025-01-26 00:37:03.708414+00	2025-01-26 00:37:03.708418+00	7	15.110
1	Height	18.0000000000	2025-01-25 23:59:37.194646+00	2025-01-25 23:59:37.194655+00	1	18.000
2	Mass	12000.0000000000	2025-01-25 23:59:37.195636+00	2025-01-25 23:59:37.19564+00	1	12000.000
3	Thrust	9.4930000000	2025-01-26 00:00:31.890757+00	2025-01-26 00:00:31.890764+00	4	9.493
4	ISP	12.1560000000	2025-01-26 00:00:31.891313+00	2025-01-26 00:00:31.891317+00	4	12.156
5	Thrust	9.4130000000	2025-01-26 00:00:53.553845+00	2025-01-26 00:00:53.553853+00	5	9.413
6	ISP	11.6320000000	2025-01-26 00:00:53.554457+00	2025-01-26 00:00:53.554462+00	5	11.632
7	Thrust	9.8990000000	2025-01-26 00:01:20.064901+00	2025-01-26 00:01:20.064909+00	6	9.899
8	ISP	12.5510000000	2025-01-26 00:01:20.065477+00	2025-01-26 00:01:20.065481+00	6	12.551
9	Thrust	1.6220000000	2025-01-26 00:37:03.707765+00	2025-01-26 00:37:03.707774+00	7	1.622
\.


--
-- Data for Name: entity_entity; Type: TABLE DATA; Schema: public; Owner: captain
--

COPY public.entity_entity (id, name, path, created_at, updated_at, parent_id, tree_id) FROM stdin;
1	Rocket	/Rocket	2025-01-25 23:59:01.131855+00	2025-01-25 23:59:01.134219+00	\N	1
2	Stage1	/Rocket/Stage1	2025-01-25 23:59:46.299877+00	2025-01-25 23:59:46.301046+00	1	1
3	Stage2	/Rocket/Stage2	2025-01-25 23:59:49.070278+00	2025-01-25 23:59:49.071387+00	1	1
4	Engine1	/Rocket/Stage1/Engine1	2025-01-25 23:59:54.775114+00	2025-01-25 23:59:54.776721+00	2	1
5	Engine2	/Rocket/Stage1/Engine2	2025-01-26 00:00:36.346917+00	2025-01-26 00:00:36.348013+00	2	1
6	Engine3	/Rocket/Stage1/Engine3	2025-01-26 00:01:03.581524+00	2025-01-26 00:01:03.58273+00	2	1
7	Engine1	/Rocket/Stage2/Engine1	2025-01-26 00:36:42.538119+00	2025-01-26 00:36:42.539721+00	3	1
\.


--
-- Name: auth_group_id_seq; Type: SEQUENCE SET; Schema: public; Owner: captain
--

SELECT pg_catalog.setval('public.auth_group_id_seq', 1, false);


--
-- Name: auth_group_permissions_id_seq; Type: SEQUENCE SET; Schema: public; Owner: captain
--

SELECT pg_catalog.setval('public.auth_group_permissions_id_seq', 1, false);


--
-- Name: auth_permission_id_seq; Type: SEQUENCE SET; Schema: public; Owner: captain
--

SELECT pg_catalog.setval('public.auth_permission_id_seq', 32, true);


--
-- Name: auth_user_groups_id_seq; Type: SEQUENCE SET; Schema: public; Owner: captain
--

SELECT pg_catalog.setval('public.auth_user_groups_id_seq', 1, false);


--
-- Name: auth_user_id_seq; Type: SEQUENCE SET; Schema: public; Owner: captain
--

SELECT pg_catalog.setval('public.auth_user_id_seq', 1, true);


--
-- Name: auth_user_user_permissions_id_seq; Type: SEQUENCE SET; Schema: public; Owner: captain
--

SELECT pg_catalog.setval('public.auth_user_user_permissions_id_seq', 1, false);


--
-- Name: django_admin_log_id_seq; Type: SEQUENCE SET; Schema: public; Owner: captain
--

SELECT pg_catalog.setval('public.django_admin_log_id_seq', 1, false);


--
-- Name: django_content_type_id_seq; Type: SEQUENCE SET; Schema: public; Owner: captain
--

SELECT pg_catalog.setval('public.django_content_type_id_seq', 8, true);


--
-- Name: django_migrations_id_seq; Type: SEQUENCE SET; Schema: public; Owner: captain
--

SELECT pg_catalog.setval('public.django_migrations_id_seq', 34, true);


--
-- Name: entity_attribute_id_seq; Type: SEQUENCE SET; Schema: public; Owner: captain
--

SELECT pg_catalog.setval('public.entity_attribute_id_seq', 26, true);


--
-- Name: entity_entity_id_seq; Type: SEQUENCE SET; Schema: public; Owner: captain
--

SELECT pg_catalog.setval('public.entity_entity_id_seq', 7, true);


--
-- Name: auth_group auth_group_name_key; Type: CONSTRAINT; Schema: public; Owner: captain
--

ALTER TABLE ONLY public.auth_group
    ADD CONSTRAINT auth_group_name_key UNIQUE (name);


--
-- Name: auth_group_permissions auth_group_permissions_group_id_permission_id_0cd325b0_uniq; Type: CONSTRAINT; Schema: public; Owner: captain
--

ALTER TABLE ONLY public.auth_group_permissions
    ADD CONSTRAINT auth_group_permissions_group_id_permission_id_0cd325b0_uniq UNIQUE (group_id, permission_id);


--
-- Name: auth_group_permissions auth_group_permissions_pkey; Type: CONSTRAINT; Schema: public; Owner: captain
--

ALTER TABLE ONLY public.auth_group_permissions
    ADD CONSTRAINT auth_group_permissions_pkey PRIMARY KEY (id);


--
-- Name: auth_group auth_group_pkey; Type: CONSTRAINT; Schema: public; Owner: captain
--

ALTER TABLE ONLY public.auth_group
    ADD CONSTRAINT auth_group_pkey PRIMARY KEY (id);


--
-- Name: auth_permission auth_permission_content_type_id_codename_01ab375a_uniq; Type: CONSTRAINT; Schema: public; Owner: captain
--

ALTER TABLE ONLY public.auth_permission
    ADD CONSTRAINT auth_permission_content_type_id_codename_01ab375a_uniq UNIQUE (content_type_id, codename);


--
-- Name: auth_permission auth_permission_pkey; Type: CONSTRAINT; Schema: public; Owner: captain
--

ALTER TABLE ONLY public.auth_permission
    ADD CONSTRAINT auth_permission_pkey PRIMARY KEY (id);


--
-- Name: auth_user_groups auth_user_groups_pkey; Type: CONSTRAINT; Schema: public; Owner: captain
--

ALTER TABLE ONLY public.auth_user_groups
    ADD CONSTRAINT auth_user_groups_pkey PRIMARY KEY (id);


--
-- Name: auth_user_groups auth_user_groups_user_id_group_id_94350c0c_uniq; Type: CONSTRAINT; Schema: public; Owner: captain
--

ALTER TABLE ONLY public.auth_user_groups
    ADD CONSTRAINT auth_user_groups_user_id_group_id_94350c0c_uniq UNIQUE (user_id, group_id);


--
-- Name: auth_user auth_user_pkey; Type: CONSTRAINT; Schema: public; Owner: captain
--

ALTER TABLE ONLY public.auth_user
    ADD CONSTRAINT auth_user_pkey PRIMARY KEY (id);


--
-- Name: auth_user_user_permissions auth_user_user_permissions_pkey; Type: CONSTRAINT; Schema: public; Owner: captain
--

ALTER TABLE ONLY public.auth_user_user_permissions
    ADD CONSTRAINT auth_user_user_permissions_pkey PRIMARY KEY (id);


--
-- Name: auth_user_user_permissions auth_user_user_permissions_user_id_permission_id_14a6b632_uniq; Type: CONSTRAINT; Schema: public; Owner: captain
--

ALTER TABLE ONLY public.auth_user_user_permissions
    ADD CONSTRAINT auth_user_user_permissions_user_id_permission_id_14a6b632_uniq UNIQUE (user_id, permission_id);


--
-- Name: auth_user auth_user_username_key; Type: CONSTRAINT; Schema: public; Owner: captain
--

ALTER TABLE ONLY public.auth_user
    ADD CONSTRAINT auth_user_username_key UNIQUE (username);


--
-- Name: django_admin_log django_admin_log_pkey; Type: CONSTRAINT; Schema: public; Owner: captain
--

ALTER TABLE ONLY public.django_admin_log
    ADD CONSTRAINT django_admin_log_pkey PRIMARY KEY (id);


--
-- Name: django_content_type django_content_type_app_label_model_76bd3d3b_uniq; Type: CONSTRAINT; Schema: public; Owner: captain
--

ALTER TABLE ONLY public.django_content_type
    ADD CONSTRAINT django_content_type_app_label_model_76bd3d3b_uniq UNIQUE (app_label, model);


--
-- Name: django_content_type django_content_type_pkey; Type: CONSTRAINT; Schema: public; Owner: captain
--

ALTER TABLE ONLY public.django_content_type
    ADD CONSTRAINT django_content_type_pkey PRIMARY KEY (id);


--
-- Name: django_migrations django_migrations_pkey; Type: CONSTRAINT; Schema: public; Owner: captain
--

ALTER TABLE ONLY public.django_migrations
    ADD CONSTRAINT django_migrations_pkey PRIMARY KEY (id);


--
-- Name: django_session django_session_pkey; Type: CONSTRAINT; Schema: public; Owner: captain
--

ALTER TABLE ONLY public.django_session
    ADD CONSTRAINT django_session_pkey PRIMARY KEY (session_key);


--
-- Name: entity_attribute entity_attribute_pkey; Type: CONSTRAINT; Schema: public; Owner: captain
--

ALTER TABLE ONLY public.entity_attribute
    ADD CONSTRAINT entity_attribute_pkey PRIMARY KEY (id);


--
-- Name: entity_entity entity_entity_pkey; Type: CONSTRAINT; Schema: public; Owner: captain
--

ALTER TABLE ONLY public.entity_entity
    ADD CONSTRAINT entity_entity_pkey PRIMARY KEY (id);


--
-- Name: auth_group_name_a6ea08ec_like; Type: INDEX; Schema: public; Owner: captain
--

CREATE INDEX auth_group_name_a6ea08ec_like ON public.auth_group USING btree (name varchar_pattern_ops);


--
-- Name: auth_group_permissions_group_id_b120cbf9; Type: INDEX; Schema: public; Owner: captain
--

CREATE INDEX auth_group_permissions_group_id_b120cbf9 ON public.auth_group_permissions USING btree (group_id);


--
-- Name: auth_group_permissions_permission_id_84c5c92e; Type: INDEX; Schema: public; Owner: captain
--

CREATE INDEX auth_group_permissions_permission_id_84c5c92e ON public.auth_group_permissions USING btree (permission_id);


--
-- Name: auth_permission_content_type_id_2f476e4b; Type: INDEX; Schema: public; Owner: captain
--

CREATE INDEX auth_permission_content_type_id_2f476e4b ON public.auth_permission USING btree (content_type_id);


--
-- Name: auth_user_groups_group_id_97559544; Type: INDEX; Schema: public; Owner: captain
--

CREATE INDEX auth_user_groups_group_id_97559544 ON public.auth_user_groups USING btree (group_id);


--
-- Name: auth_user_groups_user_id_6a12ed8b; Type: INDEX; Schema: public; Owner: captain
--

CREATE INDEX auth_user_groups_user_id_6a12ed8b ON public.auth_user_groups USING btree (user_id);


--
-- Name: auth_user_user_permissions_permission_id_1fbb5f2c; Type: INDEX; Schema: public; Owner: captain
--

CREATE INDEX auth_user_user_permissions_permission_id_1fbb5f2c ON public.auth_user_user_permissions USING btree (permission_id);


--
-- Name: auth_user_user_permissions_user_id_a95ead1b; Type: INDEX; Schema: public; Owner: captain
--

CREATE INDEX auth_user_user_permissions_user_id_a95ead1b ON public.auth_user_user_permissions USING btree (user_id);


--
-- Name: auth_user_username_6821ab7c_like; Type: INDEX; Schema: public; Owner: captain
--

CREATE INDEX auth_user_username_6821ab7c_like ON public.auth_user USING btree (username varchar_pattern_ops);


--
-- Name: django_admin_log_content_type_id_c4bce8eb; Type: INDEX; Schema: public; Owner: captain
--

CREATE INDEX django_admin_log_content_type_id_c4bce8eb ON public.django_admin_log USING btree (content_type_id);


--
-- Name: django_admin_log_user_id_c564eba6; Type: INDEX; Schema: public; Owner: captain
--

CREATE INDEX django_admin_log_user_id_c564eba6 ON public.django_admin_log USING btree (user_id);


--
-- Name: django_session_expire_date_a5c62663; Type: INDEX; Schema: public; Owner: captain
--

CREATE INDEX django_session_expire_date_a5c62663 ON public.django_session USING btree (expire_date);


--
-- Name: django_session_session_key_c0390e0f_like; Type: INDEX; Schema: public; Owner: captain
--

CREATE INDEX django_session_session_key_c0390e0f_like ON public.django_session USING btree (session_key varchar_pattern_ops);


--
-- Name: entity_attribute_entity_id_c2725f67; Type: INDEX; Schema: public; Owner: captain
--

CREATE INDEX entity_attribute_entity_id_c2725f67 ON public.entity_attribute USING btree (entity_id);


--
-- Name: entity_entity_name_509d691e; Type: INDEX; Schema: public; Owner: captain
--

CREATE INDEX entity_entity_name_509d691e ON public.entity_entity USING btree (name);


--
-- Name: entity_entity_name_509d691e_like; Type: INDEX; Schema: public; Owner: captain
--

CREATE INDEX entity_entity_name_509d691e_like ON public.entity_entity USING btree (name varchar_pattern_ops);


--
-- Name: entity_entity_parent_id_5487733c; Type: INDEX; Schema: public; Owner: captain
--

CREATE INDEX entity_entity_parent_id_5487733c ON public.entity_entity USING btree (parent_id);


--
-- Name: entity_entity_path_7782522e; Type: INDEX; Schema: public; Owner: captain
--

CREATE INDEX entity_entity_path_7782522e ON public.entity_entity USING btree (path);


--
-- Name: entity_entity_path_7782522e_like; Type: INDEX; Schema: public; Owner: captain
--

CREATE INDEX entity_entity_path_7782522e_like ON public.entity_entity USING btree (path varchar_pattern_ops);


--
-- Name: unique_entity_key; Type: INDEX; Schema: public; Owner: captain
--

CREATE UNIQUE INDEX unique_entity_key ON public.entity_attribute USING btree (entity_id, key) WHERE ((entity_id IS NOT NULL) AND (key IS NOT NULL));


--
-- Name: unique_parent_path; Type: INDEX; Schema: public; Owner: captain
--

CREATE UNIQUE INDEX unique_parent_path ON public.entity_entity USING btree (parent_id, path) WHERE ((parent_id IS NOT NULL) AND (path IS NOT NULL));


--
-- Name: auth_group_permissions auth_group_permissio_permission_id_84c5c92e_fk_auth_perm; Type: FK CONSTRAINT; Schema: public; Owner: captain
--

ALTER TABLE ONLY public.auth_group_permissions
    ADD CONSTRAINT auth_group_permissio_permission_id_84c5c92e_fk_auth_perm FOREIGN KEY (permission_id) REFERENCES public.auth_permission(id) DEFERRABLE INITIALLY DEFERRED;


--
-- Name: auth_group_permissions auth_group_permissions_group_id_b120cbf9_fk_auth_group_id; Type: FK CONSTRAINT; Schema: public; Owner: captain
--

ALTER TABLE ONLY public.auth_group_permissions
    ADD CONSTRAINT auth_group_permissions_group_id_b120cbf9_fk_auth_group_id FOREIGN KEY (group_id) REFERENCES public.auth_group(id) DEFERRABLE INITIALLY DEFERRED;


--
-- Name: auth_permission auth_permission_content_type_id_2f476e4b_fk_django_co; Type: FK CONSTRAINT; Schema: public; Owner: captain
--

ALTER TABLE ONLY public.auth_permission
    ADD CONSTRAINT auth_permission_content_type_id_2f476e4b_fk_django_co FOREIGN KEY (content_type_id) REFERENCES public.django_content_type(id) DEFERRABLE INITIALLY DEFERRED;


--
-- Name: auth_user_groups auth_user_groups_group_id_97559544_fk_auth_group_id; Type: FK CONSTRAINT; Schema: public; Owner: captain
--

ALTER TABLE ONLY public.auth_user_groups
    ADD CONSTRAINT auth_user_groups_group_id_97559544_fk_auth_group_id FOREIGN KEY (group_id) REFERENCES public.auth_group(id) DEFERRABLE INITIALLY DEFERRED;


--
-- Name: auth_user_groups auth_user_groups_user_id_6a12ed8b_fk_auth_user_id; Type: FK CONSTRAINT; Schema: public; Owner: captain
--

ALTER TABLE ONLY public.auth_user_groups
    ADD CONSTRAINT auth_user_groups_user_id_6a12ed8b_fk_auth_user_id FOREIGN KEY (user_id) REFERENCES public.auth_user(id) DEFERRABLE INITIALLY DEFERRED;


--
-- Name: auth_user_user_permissions auth_user_user_permi_permission_id_1fbb5f2c_fk_auth_perm; Type: FK CONSTRAINT; Schema: public; Owner: captain
--

ALTER TABLE ONLY public.auth_user_user_permissions
    ADD CONSTRAINT auth_user_user_permi_permission_id_1fbb5f2c_fk_auth_perm FOREIGN KEY (permission_id) REFERENCES public.auth_permission(id) DEFERRABLE INITIALLY DEFERRED;


--
-- Name: auth_user_user_permissions auth_user_user_permissions_user_id_a95ead1b_fk_auth_user_id; Type: FK CONSTRAINT; Schema: public; Owner: captain
--

ALTER TABLE ONLY public.auth_user_user_permissions
    ADD CONSTRAINT auth_user_user_permissions_user_id_a95ead1b_fk_auth_user_id FOREIGN KEY (user_id) REFERENCES public.auth_user(id) DEFERRABLE INITIALLY DEFERRED;


--
-- Name: django_admin_log django_admin_log_content_type_id_c4bce8eb_fk_django_co; Type: FK CONSTRAINT; Schema: public; Owner: captain
--

ALTER TABLE ONLY public.django_admin_log
    ADD CONSTRAINT django_admin_log_content_type_id_c4bce8eb_fk_django_co FOREIGN KEY (content_type_id) REFERENCES public.django_content_type(id) DEFERRABLE INITIALLY DEFERRED;


--
-- Name: django_admin_log django_admin_log_user_id_c564eba6_fk_auth_user_id; Type: FK CONSTRAINT; Schema: public; Owner: captain
--

ALTER TABLE ONLY public.django_admin_log
    ADD CONSTRAINT django_admin_log_user_id_c564eba6_fk_auth_user_id FOREIGN KEY (user_id) REFERENCES public.auth_user(id) DEFERRABLE INITIALLY DEFERRED;


--
-- Name: entity_attribute entity_attribute_entity_id_c2725f67_fk_entity_entity_id; Type: FK CONSTRAINT; Schema: public; Owner: captain
--

ALTER TABLE ONLY public.entity_attribute
    ADD CONSTRAINT entity_attribute_entity_id_c2725f67_fk_entity_entity_id FOREIGN KEY (entity_id) REFERENCES public.entity_entity(id) DEFERRABLE INITIALLY DEFERRED;


--
-- Name: entity_entity entity_entity_parent_id_5487733c_fk_entity_entity_id; Type: FK CONSTRAINT; Schema: public; Owner: captain
--

ALTER TABLE ONLY public.entity_entity
    ADD CONSTRAINT entity_entity_parent_id_5487733c_fk_entity_entity_id FOREIGN KEY (parent_id) REFERENCES public.entity_entity(id) DEFERRABLE INITIALLY DEFERRED;


--
-- PostgreSQL database dump complete
--

